path,audio,sentence
/zhome/2f/8/153764/Desktop/final/test_dataset_baby/0.wav,/zhome/2f/8/153764/Desktop/final/test_dataset_baby/0.wav,optager mindre
/zhome/2f/8/153764/Desktop/final/test_dataset_baby/1.wav,/zhome/2f/8/153764/Desktop/final/test_dataset_baby/1.wav,og hvad sker der nu og hvad sker der nu
/zhome/2f/8/153764/Desktop/final/test_dataset_baby/2.wav,/zhome/2f/8/153764/Desktop/final/test_dataset_baby/2.wav,mor hvem er de efter de der sørøvere
/zhome/2f/8/153764/Desktop/final/test_dataset_baby/3.wav,/zhome/2f/8/153764/Desktop/final/test_dataset_baby/3.wav,han peger bare ud med sit sværd han vil nok springei ud vandet
/zhome/2f/8/153764/Desktop/final/test_dataset_baby/4.wav,/zhome/2f/8/153764/Desktop/final/test_dataset_baby/4.wav,kan heller ikke kan det der heller ikke fægte mere så
/zhome/2f/8/153764/Desktop/final/test_dataset_baby/5.wav,/zhome/2f/8/153764/Desktop/final/test_dataset_baby/5.wav,det gør biler åhr det passer ikke nogen vegne her
/zhome/2f/8/153764/Desktop/final/test_dataset_baby/6.wav,/zhome/2f/8/153764/Desktop/final/test_dataset_baby/6.wav,hvem har og hvad gør han så
/zhome/2f/8/153764/Desktop/final/test_dataset_baby/7.wav,/zhome/2f/8/153764/Desktop/final/test_dataset_baby/7.wav,er han er han den stærkeste ham der
/zhome/2f/8/153764/Desktop/final/test_dataset_baby/8.wav,/zhome/2f/8/153764/Desktop/final/test_dataset_baby/8.wav,jeg tror det er ham der hvem tror du der
/zhome/2f/8/153764/Desktop/final/test_dataset_baby/9.wav,/zhome/2f/8/153764/Desktop/final/test_dataset_baby/9.wav,har alle dem med ham der hvorfor gør de det
/zhome/2f/8/153764/Desktop/final/test_dataset_baby/10.wav,/zhome/2f/8/153764/Desktop/final/test_dataset_baby/10.wav,hvem er hvem er det der skal fængsel  jeg tror det er et fængsel
/zhome/2f/8/153764/Desktop/final/test_dataset_baby/11.wav,/zhome/2f/8/153764/Desktop/final/test_dataset_baby/11.wav,nej jeg vil jeg vil hvad er det mor med træ og Mickey på et fængsel ind til en port
/zhome/2f/8/153764/Desktop/final/test_dataset_baby/12.wav,/zhome/2f/8/153764/Desktop/final/test_dataset_baby/12.wav,tror du ikke det se alle musene
/zhome/2f/8/153764/Desktop/final/test_dataset_baby/13.wav,/zhome/2f/8/153764/Desktop/final/test_dataset_baby/13.wav,hvorfor kan mus det kan vi ikke det
/zhome/2f/8/153764/Desktop/final/test_dataset_baby/14.wav,/zhome/2f/8/153764/Desktop/final/test_dataset_baby/14.wav,det er jo et blad hvorfor stikker de deres sværd ind den der
/zhome/2f/8/153764/Desktop/final/test_dataset_baby/15.wav,/zhome/2f/8/153764/Desktop/final/test_dataset_baby/15.wav,mor gider du læsei den ja det gjorde det
/zhome/2f/8/153764/Desktop/final/test_dataset_baby/16.wav,/zhome/2f/8/153764/Desktop/final/test_dataset_baby/16.wav,her og hvad tror du så den her den passer til
/zhome/2f/8/153764/Desktop/final/test_dataset_baby/17.wav,/zhome/2f/8/153764/Desktop/final/test_dataset_baby/17.wav,sådan og så kommer isene
/zhome/2f/8/153764/Desktop/final/test_dataset_baby/18.wav,/zhome/2f/8/153764/Desktop/final/test_dataset_baby/18.wav,så kommer Minnies hovede ja hvad skulle du ellers
/zhome/2f/8/153764/Desktop/final/test_dataset_baby/19.wav,/zhome/2f/8/153764/Desktop/final/test_dataset_baby/19.wav,lige så kommer den den kommer her
/zhome/2f/8/153764/Desktop/final/test_dataset_baby/20.wav,/zhome/2f/8/153764/Desktop/final/test_dataset_baby/20.wav,nu skal vi have alt det med Minnie på det er fødderne
/zhome/2f/8/153764/Desktop/final/test_dataset_baby/21.wav,/zhome/2f/8/153764/Desktop/final/test_dataset_baby/21.wav,hvad nå så kom den der hvad er det her også noget af Mickey
/zhome/2f/8/153764/Desktop/final/test_dataset_baby/22.wav,/zhome/2f/8/153764/Desktop/final/test_dataset_baby/22.wav,så er det nok Mickey her nej ha glat side ligge her
/zhome/2f/8/153764/Desktop/final/test_dataset_baby/23.wav,/zhome/2f/8/153764/Desktop/final/test_dataset_baby/23.wav,ja så mangler vi fødder det er her
/zhome/2f/8/153764/Desktop/final/test_dataset_baby/24.wav,/zhome/2f/8/153764/Desktop/final/test_dataset_baby/24.wav,jeg vil ikke med træer og Mickeys hånd jeg tror nok den skal være der
/zhome/2f/8/153764/Desktop/final/test_dataset_baby/25.wav,/zhome/2f/8/153764/Desktop/final/test_dataset_baby/25.wav,det skulle den også så nu er vi kommet langt mor
/zhome/2f/8/153764/Desktop/final/test_dataset_baby/26.wav,/zhome/2f/8/153764/Desktop/final/test_dataset_baby/26.wav,nu skal du hjælpe i nej det er der der
/zhome/2f/8/153764/Desktop/final/test_dataset_baby/27.wav,/zhome/2f/8/153764/Desktop/final/test_dataset_baby/27.wav,hvad er det her tror du det er noget af hans fødder der så
/zhome/2f/8/153764/Desktop/final/test_dataset_baby/28.wav,/zhome/2f/8/153764/Desktop/final/test_dataset_baby/28.wav,nå nu mangler vi kun en det skal være noget med Mickeys fødder der
/zhome/2f/8/153764/Desktop/final/test_dataset_baby/29.wav,/zhome/2f/8/153764/Desktop/final/test_dataset_baby/29.wav,og hvad er det der så de her de passer sammen mor
/zhome/2f/8/153764/Desktop/final/test_dataset_baby/30.wav,/zhome/2f/8/153764/Desktop/final/test_dataset_baby/30.wav,noget af hans nå nu er vi ikke jeg tror nok den skal være sådan
/zhome/2f/8/153764/Desktop/final/test_dataset_baby/31.wav,/zhome/2f/8/153764/Desktop/final/test_dataset_baby/31.wav,ja jeg kigger også på nå så er den færdig sådan
/zhome/2f/8/153764/Desktop/final/test_dataset_baby/32.wav,/zhome/2f/8/153764/Desktop/final/test_dataset_baby/32.wav,prøv at se her kig den du skal læse i
/zhome/2f/8/153764/Desktop/final/test_dataset_baby/33.wav,/zhome/2f/8/153764/Desktop/final/test_dataset_baby/33.wav,du skal læse mor ja men mor du kan da du skal da heller ikke læse dertil vel
/zhome/2f/8/153764/Desktop/final/test_dataset_baby/34.wav,/zhome/2f/8/153764/Desktop/final/test_dataset_baby/34.wav,Sir Kaar
/zhome/2f/8/153764/Desktop/final/test_dataset_baby/35.wav,/zhome/2f/8/153764/Desktop/final/test_dataset_baby/35.wav,nej nej det kan du også
/zhome/2f/8/153764/Desktop/final/test_dataset_baby/36.wav,/zhome/2f/8/153764/Desktop/final/test_dataset_baby/36.wav,abekat se der der det er også
/zhome/2f/8/153764/Desktop/final/test_dataset_baby/37.wav,/zhome/2f/8/153764/Desktop/final/test_dataset_baby/37.wav,hvorfor gør han så det det ved jeg ikke
/zhome/2f/8/153764/Desktop/final/test_dataset_baby/38.wav,/zhome/2f/8/153764/Desktop/final/test_dataset_baby/38.wav,han ser altså gal ud hvad så med der hvad
/zhome/2f/8/153764/Desktop/final/test_dataset_baby/39.wav,/zhome/2f/8/153764/Desktop/final/test_dataset_baby/39.wav,nå se nej det ser ikke lækkert ud
/zhome/2f/8/153764/Desktop/final/test_dataset_baby/40.wav,/zhome/2f/8/153764/Desktop/final/test_dataset_baby/40.wav,spiser ham ja så skal vi have den her
/zhome/2f/8/153764/Desktop/final/test_dataset_baby/41.wav,/zhome/2f/8/153764/Desktop/final/test_dataset_baby/41.wav,så får han noget der hvad er det
/zhome/2f/8/153764/Desktop/final/test_dataset_baby/42.wav,/zhome/2f/8/153764/Desktop/final/test_dataset_baby/42.wav,åhå se den er kommet bur haha nej det er nok aberne
/zhome/2f/8/153764/Desktop/final/test_dataset_baby/43.wav,/zhome/2f/8/153764/Desktop/final/test_dataset_baby/43.wav,hvorfor gør han det hvad siger han hvad
/zhome/2f/8/153764/Desktop/final/test_dataset_baby/44.wav,/zhome/2f/8/153764/Desktop/final/test_dataset_baby/44.wav,sådan hvad siger han mor
/zhome/2f/8/153764/Desktop/final/test_dataset_baby/45.wav,/zhome/2f/8/153764/Desktop/final/test_dataset_baby/45.wav,og hvad siger slangen så ja men hvorfor hvorfor hjælper den den ikke hvad
/zhome/2f/8/153764/Desktop/final/test_dataset_baby/46.wav,/zhome/2f/8/153764/Desktop/final/test_dataset_baby/46.wav,sider der er kanten nej det gør den ikke
/zhome/2f/8/153764/Desktop/final/test_dataset_baby/47.wav,/zhome/2f/8/153764/Desktop/final/test_dataset_baby/47.wav,hvorfor ser de sådan ud jo det kan han så for nu kommer slangen
/zhome/2f/8/153764/Desktop/final/test_dataset_baby/48.wav,/zhome/2f/8/153764/Desktop/final/test_dataset_baby/48.wav,og hvad gør slangen nu er han ikke bange mere for slangen
/zhome/2f/8/153764/Desktop/final/test_dataset_baby/49.wav,/zhome/2f/8/153764/Desktop/final/test_dataset_baby/49.wav,prøv at se de laver sådan et hvor de kan sidde i ahn
/zhome/2f/8/153764/Desktop/final/test_dataset_baby/50.wav,/zhome/2f/8/153764/Desktop/final/test_dataset_baby/50.wav,skal vi se hvad der er denne her en ræv
/zhome/2f/8/153764/Desktop/final/test_dataset_baby/51.wav,/zhome/2f/8/153764/Desktop/final/test_dataset_baby/51.wav,hund for det er noget med træet
/zhome/2f/8/153764/Desktop/final/test_dataset_baby/52.wav,/zhome/2f/8/153764/Desktop/final/test_dataset_baby/52.wav,sommerfugl hvad tror du alle de dyr der er flere
/zhome/2f/8/153764/Desktop/final/test_dataset_baby/53.wav,/zhome/2f/8/153764/Desktop/final/test_dataset_baby/53.wav,den der behøves jeg ikke at sigei for det har jeg sagt rødspætte sagde jeg
/zhome/2f/8/153764/Desktop/final/test_dataset_baby/54.wav,/zhome/2f/8/153764/Desktop/final/test_dataset_baby/54.wav,en hakker den hakker også
/zhome/2f/8/153764/Desktop/final/test_dataset_baby/55.wav,/zhome/2f/8/153764/Desktop/final/test_dataset_baby/55.wav,en fugl nu kommer der en lille ræveunge
/zhome/2f/8/153764/Desktop/final/test_dataset_baby/56.wav,/zhome/2f/8/153764/Desktop/final/test_dataset_baby/56.wav,en lille ræveunge en lille ræveunge og blød
/zhome/2f/8/153764/Desktop/final/test_dataset_baby/57.wav,/zhome/2f/8/153764/Desktop/final/test_dataset_baby/57.wav,et træ på og hvorfor løber den hvad
/zhome/2f/8/153764/Desktop/final/test_dataset_baby/58.wav,/zhome/2f/8/153764/Desktop/final/test_dataset_baby/58.wav,og hvad gør uglen så og hvad sker der så er den vokset
/zhome/2f/8/153764/Desktop/final/test_dataset_baby/59.wav,/zhome/2f/8/153764/Desktop/final/test_dataset_baby/59.wav,åhå jæger hvad sker der nu
/zhome/2f/8/153764/Desktop/final/test_dataset_baby/60.wav,/zhome/2f/8/153764/Desktop/final/test_dataset_baby/60.wav,hvorfor hvad for en
/zhome/2f/8/153764/Desktop/final/test_dataset_baby/61.wav,/zhome/2f/8/153764/Desktop/final/test_dataset_baby/61.wav,hvad er den så der og hvad nu
/zhome/2f/8/153764/Desktop/final/test_dataset_baby/62.wav,/zhome/2f/8/153764/Desktop/final/test_dataset_baby/62.wav,og den hvorfor ikke         
/zhome/2f/8/153764/Desktop/final/test_dataset_baby/63.wav,/zhome/2f/8/153764/Desktop/final/test_dataset_baby/63.wav,ja men kan vi heller ikke spille  det her ja men skal vi køre  med racerbiler
/zhome/2f/8/153764/Desktop/final/test_dataset_baby/64.wav,/zhome/2f/8/153764/Desktop/final/test_dataset_baby/64.wav,vil du have  ham der eller ham der det er en rigtig politibil
/zhome/2f/8/153764/Desktop/final/test_dataset_baby/65.wav,/zhome/2f/8/153764/Desktop/final/test_dataset_baby/65.wav,bare ikke sådan en der kæmper rigtig meget skal vi lege  det nede på gulvet eller hvad.
/zhome/2f/8/153764/Desktop/final/test_dataset_baby/66.wav,/zhome/2f/8/153764/Desktop/final/test_dataset_baby/66.wav,der var batterierne jeg vil være  ham her
/zhome/2f/8/153764/Desktop/final/test_dataset_baby/67.wav,/zhome/2f/8/153764/Desktop/final/test_dataset_baby/67.wav,for vi har ikke flere politiet den her den kører hurtigst
/zhome/2f/8/153764/Desktop/final/test_dataset_baby/68.wav,/zhome/2f/8/153764/Desktop/final/test_dataset_baby/68.wav,hvem skal have  den hvide. ja men den
/zhome/2f/8/153764/Desktop/final/test_dataset_baby/69.wav,/zhome/2f/8/153764/Desktop/final/test_dataset_baby/69.wav,mor skal du kun køre  på sådan
/zhome/2f/8/153764/Desktop/final/test_dataset_baby/70.wav,/zhome/2f/8/153764/Desktop/final/test_dataset_baby/70.wav,skal du kun køre  sådan der vil du have  politibilen
/zhome/2f/8/153764/Desktop/final/test_dataset_baby/71.wav,/zhome/2f/8/153764/Desktop/final/test_dataset_baby/71.wav,den her så værsågod det er din og det her det er min
/zhome/2f/8/153764/Desktop/final/test_dataset_baby/72.wav,/zhome/2f/8/153764/Desktop/final/test_dataset_baby/72.wav,så skal jeg have  den røde fordi din er jo ikke rød vel
/zhome/2f/8/153764/Desktop/final/test_dataset_baby/73.wav,/zhome/2f/8/153764/Desktop/final/test_dataset_baby/73.wav,jeg tror jeg skal have  den hvide så tror jeg du skal have  den røde
/zhome/2f/8/153764/Desktop/final/test_dataset_baby/74.wav,/zhome/2f/8/153764/Desktop/final/test_dataset_baby/74.wav,og koppen og vasen og lampen og den
/zhome/2f/8/153764/Desktop/final/test_dataset_baby/75.wav,/zhome/2f/8/153764/Desktop/final/test_dataset_baby/75.wav,og fjernsyn og fuglebur og fugl ja begge to
/zhome/2f/8/153764/Desktop/final/test_dataset_baby/76.wav,/zhome/2f/8/153764/Desktop/final/test_dataset_baby/76.wav,hvem har den her en skovl og en rive og sådan
/zhome/2f/8/153764/Desktop/final/test_dataset_baby/77.wav,/zhome/2f/8/153764/Desktop/final/test_dataset_baby/77.wav,sandsager og så en spand  det ved jeg også godt
/zhome/2f/8/153764/Desktop/final/test_dataset_baby/78.wav,/zhome/2f/8/153764/Desktop/final/test_dataset_baby/78.wav,ja og det er sådan en hvem har hvem har bamse
/zhome/2f/8/153764/Desktop/final/test_dataset_baby/79.wav,/zhome/2f/8/153764/Desktop/final/test_dataset_baby/79.wav,har du det det er kun mig selv
/zhome/2f/8/153764/Desktop/final/test_dataset_baby/80.wav,/zhome/2f/8/153764/Desktop/final/test_dataset_baby/80.wav,se jeg skal have  to plader til at være  færdig med når den er færdig så skulle jeg sige  banko
/zhome/2f/8/153764/Desktop/final/test_dataset_baby/81.wav,/zhome/2f/8/153764/Desktop/final/test_dataset_baby/81.wav,og den der ikke var færdig hvem har en lampe
/zhome/2f/8/153764/Desktop/final/test_dataset_baby/82.wav,/zhome/2f/8/153764/Desktop/final/test_dataset_baby/82.wav,nu kun en hvem har nogle legoklodser
/zhome/2f/8/153764/Desktop/final/test_dataset_baby/83.wav,/zhome/2f/8/153764/Desktop/final/test_dataset_baby/83.wav,det er vist mig selv der har det hvem har en ko
/zhome/2f/8/153764/Desktop/final/test_dataset_baby/84.wav,/zhome/2f/8/153764/Desktop/final/test_dataset_baby/84.wav,hvem har en cykel  ja det har jeg fået
/zhome/2f/8/153764/Desktop/final/test_dataset_baby/85.wav,/zhome/2f/8/153764/Desktop/final/test_dataset_baby/85.wav,hvorfor er det hele tiden mig der selv skal hvem har en fugl
/zhome/2f/8/153764/Desktop/final/test_dataset_baby/86.wav,/zhome/2f/8/153764/Desktop/final/test_dataset_baby/86.wav,og et fuglebur hvem har en redningsvest det har jeg selv
/zhome/2f/8/153764/Desktop/final/test_dataset_baby/87.wav,/zhome/2f/8/153764/Desktop/final/test_dataset_baby/87.wav,se hvor mange du har fået fordi at jeg ikke ved hvad for nogen jeg tager
/zhome/2f/8/153764/Desktop/final/test_dataset_baby/88.wav,/zhome/2f/8/153764/Desktop/final/test_dataset_baby/88.wav,en to tre en to tre fire fem seks syv otte
/zhome/2f/8/153764/Desktop/final/test_dataset_baby/89.wav,/zhome/2f/8/153764/Desktop/final/test_dataset_baby/89.wav,jeg har otte nogle æbletræer
/zhome/2f/8/153764/Desktop/final/test_dataset_baby/90.wav,/zhome/2f/8/153764/Desktop/final/test_dataset_baby/90.wav, smed æbler ned jeg skal tabe eller jeg skal vinde
/zhome/2f/8/153764/Desktop/final/test_dataset_baby/91.wav,/zhome/2f/8/153764/Desktop/final/test_dataset_baby/91.wav,ja men hvad hvis du får uret når jeg får den så banko
/zhome/2f/8/153764/Desktop/final/test_dataset_baby/92.wav,/zhome/2f/8/153764/Desktop/final/test_dataset_baby/92.wav,sådan nu er jeg snart færdig hvis jeg får de der to så er det banko
/zhome/2f/8/153764/Desktop/final/test_dataset_baby/93.wav,/zhome/2f/8/153764/Desktop/final/test_dataset_baby/93.wav,lidt fem eller ti jeg sagde fem minutter
/zhome/2f/8/153764/Desktop/final/test_dataset_baby/94.wav,/zhome/2f/8/153764/Desktop/final/test_dataset_baby/94.wav,jeg har ikke banko endnu der kun mangler to
/zhome/2f/8/153764/Desktop/final/test_dataset_baby/95.wav,/zhome/2f/8/153764/Desktop/final/test_dataset_baby/95.wav,det der det der med Mickey
/zhome/2f/8/153764/Desktop/final/test_dataset_baby/96.wav,/zhome/2f/8/153764/Desktop/final/test_dataset_baby/96.wav,værsågod og han skal have den bette
/zhome/2f/8/153764/Desktop/final/test_dataset_baby/97.wav,/zhome/2f/8/153764/Desktop/final/test_dataset_baby/97.wav,du finder noget andet det er da ikke jul nu vel
/zhome/2f/8/153764/Desktop/final/test_dataset_baby/98.wav,/zhome/2f/8/153764/Desktop/final/test_dataset_baby/98.wav,du skal hjælpe mig at pakke den op har min far også
/zhome/2f/8/153764/Desktop/final/test_dataset_baby/99.wav,/zhome/2f/8/153764/Desktop/final/test_dataset_baby/99.wav,farver har min far også har du flere
/zhome/2f/8/153764/Desktop/final/test_dataset_baby/100.wav,/zhome/2f/8/153764/Desktop/final/test_dataset_baby/100.wav,vi kan godt bygge det der man kan også bygge sådan en mand der
/zhome/2f/8/153764/Desktop/final/test_dataset_baby/101.wav,/zhome/2f/8/153764/Desktop/final/test_dataset_baby/101.wav,og sådan en mand skal vi ikke
/zhome/2f/8/153764/Desktop/final/test_dataset_baby/102.wav,/zhome/2f/8/153764/Desktop/final/test_dataset_baby/102.wav, er det deri der er fire
/zhome/2f/8/153764/Desktop/final/test_dataset_baby/103.wav,/zhome/2f/8/153764/Desktop/final/test_dataset_baby/103.wav,hvad tror du et hus
/zhome/2f/8/153764/Desktop/final/test_dataset_baby/104.wav,/zhome/2f/8/153764/Desktop/final/test_dataset_baby/104.wav,og et pust man kan også bygge sådan en der
/zhome/2f/8/153764/Desktop/final/test_dataset_baby/105.wav,/zhome/2f/8/153764/Desktop/final/test_dataset_baby/105.wav,nej det kan jeg nok ikke finde ud af de her to
/zhome/2f/8/153764/Desktop/final/test_dataset_baby/106.wav,/zhome/2f/8/153764/Desktop/final/test_dataset_baby/106.wav,hun kan ikke findei ud af at lave huse og sådan en
/zhome/2f/8/153764/Desktop/final/test_dataset_baby/107.wav,/zhome/2f/8/153764/Desktop/final/test_dataset_baby/107.wav,hvad den her er er det ikke sjovt
/zhome/2f/8/153764/Desktop/final/test_dataset_baby/108.wav,/zhome/2f/8/153764/Desktop/final/test_dataset_baby/108.wav,er det prøv at køre opad og nedad
/zhome/2f/8/153764/Desktop/final/test_dataset_baby/109.wav,/zhome/2f/8/153764/Desktop/final/test_dataset_baby/109.wav,passer det ikke prøver jeg lige at se der
/zhome/2f/8/153764/Desktop/final/test_dataset_baby/110.wav,/zhome/2f/8/153764/Desktop/final/test_dataset_baby/110.wav,hvordan det ser ud skal vi bygge sådan en af de der to
/zhome/2f/8/153764/Desktop/final/test_dataset_baby/111.wav,/zhome/2f/8/153764/Desktop/final/test_dataset_baby/111.wav,har har I ikke
/zhome/2f/8/153764/Desktop/final/test_dataset_baby/112.wav,/zhome/2f/8/153764/Desktop/final/test_dataset_baby/112.wav,prut er det rigtigt
/zhome/2f/8/153764/Desktop/final/test_dataset_baby/113.wav,/zhome/2f/8/153764/Desktop/final/test_dataset_baby/113.wav,er det så ligner det en bondegård
/zhome/2f/8/153764/Desktop/final/test_dataset_baby/114.wav,/zhome/2f/8/153764/Desktop/final/test_dataset_baby/114.wav,hvor det ser sådan sjovt ud flad
/zhome/2f/8/153764/Desktop/final/test_dataset_baby/115.wav,/zhome/2f/8/153764/Desktop/final/test_dataset_baby/115.wav,her er flad skal vi ikke lave de der to der mander
/zhome/2f/8/153764/Desktop/final/test_dataset_baby/116.wav,/zhome/2f/8/153764/Desktop/final/test_dataset_baby/116.wav,ja men så skal vi også prøve dem to nogen blå nogle
/zhome/2f/8/153764/Desktop/final/test_dataset_baby/117.wav,/zhome/2f/8/153764/Desktop/final/test_dataset_baby/117.wav,hvor er øjnene henne hvor
/zhome/2f/8/153764/Desktop/final/test_dataset_baby/118.wav,/zhome/2f/8/153764/Desktop/final/test_dataset_baby/118.wav,hvorfor det men jeg kan ikke dreje hovedet om
/zhome/2f/8/153764/Desktop/final/test_dataset_baby/119.wav,/zhome/2f/8/153764/Desktop/final/test_dataset_baby/119.wav,kasket bare hovedet om skulle han
/zhome/2f/8/153764/Desktop/final/test_dataset_baby/120.wav,/zhome/2f/8/153764/Desktop/final/test_dataset_baby/120.wav,det er sådan en som vi har derhjemme sådan en har vi da bare hjemme
/zhome/2f/8/153764/Desktop/final/test_dataset_baby/121.wav,/zhome/2f/8/153764/Desktop/final/test_dataset_baby/121.wav,jeg er bare ligeglad hvad skal sidde
/zhome/2f/8/153764/Desktop/final/test_dataset_baby/122.wav,/zhome/2f/8/153764/Desktop/final/test_dataset_baby/122.wav,hvad skal sidde på motor på motorcyklerne
/zhome/2f/8/153764/Desktop/final/test_dataset_baby/123.wav,/zhome/2f/8/153764/Desktop/final/test_dataset_baby/123.wav,hvad jeg kan ikke dreje hovedet
/zhome/2f/8/153764/Desktop/final/test_dataset_baby/124.wav,/zhome/2f/8/153764/Desktop/final/test_dataset_baby/124.wav,jeg kan ikke jeg kan ikke dreje hovedet om
/zhome/2f/8/153764/Desktop/final/test_dataset_baby/125.wav,/zhome/2f/8/153764/Desktop/final/test_dataset_baby/125.wav,din skovl nu har en hammer ham
/zhome/2f/8/153764/Desktop/final/test_dataset_baby/126.wav,/zhome/2f/8/153764/Desktop/final/test_dataset_baby/126.wav,nok en pose siger du
/zhome/2f/8/153764/Desktop/final/test_dataset_baby/127.wav,/zhome/2f/8/153764/Desktop/final/test_dataset_baby/127.wav,vi skal lige have fire motorcykler skal den her på
/zhome/2f/8/153764/Desktop/final/test_dataset_baby/128.wav,/zhome/2f/8/153764/Desktop/final/test_dataset_baby/128.wav,hvor kan du se det så
/zhome/2f/8/153764/Desktop/final/test_dataset_baby/129.wav,/zhome/2f/8/153764/Desktop/final/test_dataset_baby/129.wav,nu kører han på den røde gør han
/zhome/2f/8/153764/Desktop/final/test_dataset_baby/130.wav,/zhome/2f/8/153764/Desktop/final/test_dataset_baby/130.wav,hun kysser bamse  det plejer Futte
/zhome/2f/8/153764/Desktop/final/test_dataset_baby/131.wav,/zhome/2f/8/153764/Desktop/final/test_dataset_baby/131.wav,ikke i min sofa og den kat der
/zhome/2f/8/153764/Desktop/final/test_dataset_baby/132.wav,/zhome/2f/8/153764/Desktop/final/test_dataset_baby/132.wav,og bamse den bliver forkølet
/zhome/2f/8/153764/Desktop/final/test_dataset_baby/133.wav,/zhome/2f/8/153764/Desktop/final/test_dataset_baby/133.wav,bamse har så ingen sko det er dum bamse
/zhome/2f/8/153764/Desktop/final/test_dataset_baby/134.wav,/zhome/2f/8/153764/Desktop/final/test_dataset_baby/134.wav,det har du selv nej jeg kan ikke finde dem begge to
/zhome/2f/8/153764/Desktop/final/test_dataset_baby/135.wav,/zhome/2f/8/153764/Desktop/final/test_dataset_baby/135.wav,jeg kan kun finde den ene en bamse
/zhome/2f/8/153764/Desktop/final/test_dataset_baby/136.wav,/zhome/2f/8/153764/Desktop/final/test_dataset_baby/136.wav,jeg synes en bamse det er en dum en
/zhome/2f/8/153764/Desktop/final/test_dataset_baby/137.wav,/zhome/2f/8/153764/Desktop/final/test_dataset_baby/137.wav,den papegøje er dum det kan jeg ikke huske
/zhome/2f/8/153764/Desktop/final/test_dataset_baby/138.wav,/zhome/2f/8/153764/Desktop/final/test_dataset_baby/138.wav,min næse løber den skal vi tørre af.
/zhome/2f/8/153764/Desktop/final/test_dataset_baby/139.wav,/zhome/2f/8/153764/Desktop/final/test_dataset_baby/139.wav,den sidder forkert den er nok til vask
/zhome/2f/8/153764/Desktop/final/test_dataset_baby/140.wav,/zhome/2f/8/153764/Desktop/final/test_dataset_baby/140.wav,det er ikke rigtigt hvad gør de så mere
/zhome/2f/8/153764/Desktop/final/test_dataset_baby/141.wav,/zhome/2f/8/153764/Desktop/final/test_dataset_baby/141.wav,han skal grave mor jeg kan jo ikke huske det
/zhome/2f/8/153764/Desktop/final/test_dataset_baby/142.wav,/zhome/2f/8/153764/Desktop/final/test_dataset_baby/142.wav,han grave mor han grave et hul
/zhome/2f/8/153764/Desktop/final/test_dataset_baby/143.wav,/zhome/2f/8/153764/Desktop/final/test_dataset_baby/143.wav,ja han har grave nu har han gravet hul stor hul
/zhome/2f/8/153764/Desktop/final/test_dataset_baby/144.wav,/zhome/2f/8/153764/Desktop/final/test_dataset_baby/144.wav,og helt fuld han skal køre nu
/zhome/2f/8/153764/Desktop/final/test_dataset_baby/145.wav,/zhome/2f/8/153764/Desktop/final/test_dataset_baby/145.wav,han skal have skovlen med bare sådan en stor bøvs
/zhome/2f/8/153764/Desktop/final/test_dataset_baby/146.wav,/zhome/2f/8/153764/Desktop/final/test_dataset_baby/146.wav,den vil ikke jeg kan ikke for satan
/zhome/2f/8/153764/Desktop/final/test_dataset_baby/147.wav,/zhome/2f/8/153764/Desktop/final/test_dataset_baby/147.wav,jo det kan du jo det kan du hvert fald
/zhome/2f/8/153764/Desktop/final/test_dataset_baby/148.wav,/zhome/2f/8/153764/Desktop/final/test_dataset_baby/148.wav,jo det kan du hvert fald også den kan ikke mor
/zhome/2f/8/153764/Desktop/final/test_dataset_baby/149.wav,/zhome/2f/8/153764/Desktop/final/test_dataset_baby/149.wav,kan ikke grave den her over jeg kan ikke grave den her op
/zhome/2f/8/153764/Desktop/final/test_dataset_baby/150.wav,/zhome/2f/8/153764/Desktop/final/test_dataset_baby/150.wav,hvorfor ikke så kører han hjem til hans kone
/zhome/2f/8/153764/Desktop/final/test_dataset_baby/151.wav,/zhome/2f/8/153764/Desktop/final/test_dataset_baby/151.wav,lad nej kan kravle nej han bor langt væk ikke
/zhome/2f/8/153764/Desktop/final/test_dataset_baby/152.wav,/zhome/2f/8/153764/Desktop/final/test_dataset_baby/152.wav,op med sådan
/zhome/2f/8/153764/Desktop/final/test_dataset_baby/153.wav,/zhome/2f/8/153764/Desktop/final/test_dataset_baby/153.wav,jeg kan ikke huske det så går han
/zhome/2f/8/153764/Desktop/final/test_dataset_baby/154.wav,/zhome/2f/8/153764/Desktop/final/test_dataset_baby/154.wav,så hopper den af mor den her den kører langt ned
/zhome/2f/8/153764/Desktop/final/test_dataset_baby/155.wav,/zhome/2f/8/153764/Desktop/final/test_dataset_baby/155.wav,fordi at skal han køre langt væk de sejlet
/zhome/2f/8/153764/Desktop/final/test_dataset_baby/156.wav,/zhome/2f/8/153764/Desktop/final/test_dataset_baby/156.wav,lad være mor den med motorcykler mor
/zhome/2f/8/153764/Desktop/final/test_dataset_baby/157.wav,/zhome/2f/8/153764/Desktop/final/test_dataset_baby/157.wav,der nogen motorcykler ikke så der var en motorcykel
/zhome/2f/8/153764/Desktop/final/test_dataset_baby/158.wav,/zhome/2f/8/153764/Desktop/final/test_dataset_baby/158.wav,ja der er også en motorcykel hvor den anden motorcykel henne
/zhome/2f/8/153764/Desktop/final/test_dataset_baby/159.wav,/zhome/2f/8/153764/Desktop/final/test_dataset_baby/159.wav,henne ved far også en motorcykel der
/zhome/2f/8/153764/Desktop/final/test_dataset_baby/160.wav,/zhome/2f/8/153764/Desktop/final/test_dataset_baby/160.wav,der var en motor øh cykel også  også en traktor dernede
/zhome/2f/8/153764/Desktop/final/test_dataset_baby/161.wav,/zhome/2f/8/153764/Desktop/final/test_dataset_baby/161.wav,også en traktor der også traktor der
/zhome/2f/8/153764/Desktop/final/test_dataset_baby/162.wav,/zhome/2f/8/153764/Desktop/final/test_dataset_baby/162.wav,også motorcykler og en traktor
/zhome/2f/8/153764/Desktop/final/test_dataset_baby/163.wav,/zhome/2f/8/153764/Desktop/final/test_dataset_baby/163.wav,for noget skal vi finde det der
/zhome/2f/8/153764/Desktop/final/test_dataset_baby/164.wav,/zhome/2f/8/153764/Desktop/final/test_dataset_baby/164.wav,mor vise mig det hvad også motorcykler og der
/zhome/2f/8/153764/Desktop/final/test_dataset_baby/165.wav,/zhome/2f/8/153764/Desktop/final/test_dataset_baby/165.wav,motor hvad er det
/zhome/2f/8/153764/Desktop/final/test_dataset_baby/166.wav,/zhome/2f/8/153764/Desktop/final/test_dataset_baby/166.wav,hvad er det for noget hvad nej vil
/zhome/2f/8/153764/Desktop/final/test_dataset_baby/167.wav,/zhome/2f/8/153764/Desktop/final/test_dataset_baby/167.wav,kigge billeder hvor han slå henne
/zhome/2f/8/153764/Desktop/final/test_dataset_baby/168.wav,/zhome/2f/8/153764/Desktop/final/test_dataset_baby/168.wav,hvorhenne åh det er en
/zhome/2f/8/153764/Desktop/final/test_dataset_baby/169.wav,/zhome/2f/8/153764/Desktop/final/test_dataset_baby/169.wav,mus nok der er en lille skildpadde oppe ved moren
/zhome/2f/8/153764/Desktop/final/test_dataset_baby/170.wav,/zhome/2f/8/153764/Desktop/final/test_dataset_baby/170.wav,har slået benet hente du futtog
/zhome/2f/8/153764/Desktop/final/test_dataset_baby/171.wav,/zhome/2f/8/153764/Desktop/final/test_dataset_baby/171.wav,vi den finde den kan vi nok
/zhome/2f/8/153764/Desktop/final/test_dataset_baby/172.wav,/zhome/2f/8/153764/Desktop/final/test_dataset_baby/172.wav,og hvor er den henne nu den der 
/zhome/2f/8/153764/Desktop/final/test_dataset_baby/173.wav,/zhome/2f/8/153764/Desktop/final/test_dataset_baby/173.wav,det var den der vil have den anden futtog
/zhome/2f/8/153764/Desktop/final/test_dataset_baby/174.wav,/zhome/2f/8/153764/Desktop/final/test_dataset_baby/174.wav,jeg lave bygge det hvor den ligge henne
/zhome/2f/8/153764/Desktop/final/test_dataset_baby/175.wav,/zhome/2f/8/153764/Desktop/final/test_dataset_baby/175.wav,jeg vil ikke lave bygge det
/zhome/2f/8/153764/Desktop/final/test_dataset_baby/176.wav,/zhome/2f/8/153764/Desktop/final/test_dataset_baby/176.wav,hvor er futtog mor kan ikke fat i det
/zhome/2f/8/153764/Desktop/final/test_dataset_baby/177.wav,/zhome/2f/8/153764/Desktop/final/test_dataset_baby/177.wav,oj mig fange i i snor
/zhome/2f/8/153764/Desktop/final/test_dataset_baby/178.wav,/zhome/2f/8/153764/Desktop/final/test_dataset_baby/178.wav,den sidder fast den sidder nok fast
/zhome/2f/8/153764/Desktop/final/test_dataset_baby/179.wav,/zhome/2f/8/153764/Desktop/final/test_dataset_baby/179.wav,hvad var det hvor den værei henne hvad
/zhome/2f/8/153764/Desktop/final/test_dataset_baby/180.wav,/zhome/2f/8/153764/Desktop/final/test_dataset_baby/180.wav,mor finde ud af det hvor pigen
/zhome/2f/8/153764/Desktop/final/test_dataset_baby/181.wav,/zhome/2f/8/153764/Desktop/final/test_dataset_baby/181.wav,pigen kan ikke hvor køleskab den der være henne
/zhome/2f/8/153764/Desktop/final/test_dataset_baby/182.wav,/zhome/2f/8/153764/Desktop/final/test_dataset_baby/182.wav,hvor den være den der er noget i stykker da køle falde ned
/zhome/2f/8/153764/Desktop/final/test_dataset_baby/183.wav,/zhome/2f/8/153764/Desktop/final/test_dataset_baby/183.wav,hvor den være henne mig lave det
/zhome/2f/8/153764/Desktop/final/test_dataset_baby/184.wav,/zhome/2f/8/153764/Desktop/final/test_dataset_baby/184.wav,også der ikke også
/zhome/2f/8/153764/Desktop/final/test_dataset_baby/185.wav,/zhome/2f/8/153764/Desktop/final/test_dataset_baby/185.wav,hvad er det for en hvad det er bord nok
/zhome/2f/8/153764/Desktop/final/test_dataset_baby/186.wav,/zhome/2f/8/153764/Desktop/final/test_dataset_baby/186.wav,den mig se den der mor
/zhome/2f/8/153764/Desktop/final/test_dataset_baby/187.wav,/zhome/2f/8/153764/Desktop/final/test_dataset_baby/187.wav,den også være der
/zhome/2f/8/153764/Desktop/final/test_dataset_baby/188.wav,/zhome/2f/8/153764/Desktop/final/test_dataset_baby/188.wav,og dernede den der rydde op og
/zhome/2f/8/153764/Desktop/final/test_dataset_baby/189.wav,/zhome/2f/8/153764/Desktop/final/test_dataset_baby/189.wav,og lave bygge futtog og rydde op
/zhome/2f/8/153764/Desktop/final/test_dataset_baby/190.wav,/zhome/2f/8/153764/Desktop/final/test_dataset_baby/190.wav,din klovn den kan godt være derovre
/zhome/2f/8/153764/Desktop/final/test_dataset_baby/191.wav,/zhome/2f/8/153764/Desktop/final/test_dataset_baby/191.wav,hvad er det siger sådan hvad flyvemaskine sådan hvad mor
/zhome/2f/8/153764/Desktop/final/test_dataset_baby/192.wav,/zhome/2f/8/153764/Desktop/final/test_dataset_baby/192.wav, mor bygge den sammen hvad åh nu kører mig også en anden en
/zhome/2f/8/153764/Desktop/final/test_dataset_baby/193.wav,/zhome/2f/8/153764/Desktop/final/test_dataset_baby/193.wav,køre mig i nej ikke sådan den køre
/zhome/2f/8/153764/Desktop/final/test_dataset_baby/194.wav,/zhome/2f/8/153764/Desktop/final/test_dataset_baby/194.wav,eller sådan ikke også mor
/zhome/2f/8/153764/Desktop/final/test_dataset_baby/195.wav,/zhome/2f/8/153764/Desktop/final/test_dataset_baby/195.wav,nej den duer ikke og sætte den anden sammen mor
/zhome/2f/8/153764/Desktop/final/test_dataset_baby/196.wav,/zhome/2f/8/153764/Desktop/final/test_dataset_baby/196.wav,altså nu mor den
/zhome/2f/8/153764/Desktop/final/test_dataset_baby/197.wav,/zhome/2f/8/153764/Desktop/final/test_dataset_baby/197.wav,nej jeg gør ikke oppe da
/zhome/2f/8/153764/Desktop/final/test_dataset_baby/198.wav,/zhome/2f/8/153764/Desktop/final/test_dataset_baby/198.wav,den duer ikke jeg lave en anden en
/zhome/2f/8/153764/Desktop/final/test_dataset_baby/199.wav,/zhome/2f/8/153764/Desktop/final/test_dataset_baby/199.wav,se nu hvad hen og samle det op
/zhome/2f/8/153764/Desktop/final/test_dataset_baby/200.wav,/zhome/2f/8/153764/Desktop/final/test_dataset_baby/200.wav,og se nu hvad kom mor
/zhome/2f/8/153764/Desktop/final/test_dataset_baby/201.wav,/zhome/2f/8/153764/Desktop/final/test_dataset_baby/201.wav,må nok herovre sætte dem sammen ikke også
/zhome/2f/8/153764/Desktop/final/test_dataset_baby/202.wav,/zhome/2f/8/153764/Desktop/final/test_dataset_baby/202.wav,øh hvor er den anden futtog også
/zhome/2f/8/153764/Desktop/final/test_dataset_baby/203.wav,/zhome/2f/8/153764/Desktop/final/test_dataset_baby/203.wav,nej gør mig ikke kan ikke sætte den sammen
/zhome/2f/8/153764/Desktop/final/test_dataset_baby/204.wav,/zhome/2f/8/153764/Desktop/final/test_dataset_baby/204.wav,det mor selv gøre det mor lege med toget
/zhome/2f/8/153764/Desktop/final/test_dataset_baby/205.wav,/zhome/2f/8/153764/Desktop/final/test_dataset_baby/205.wav,hvor den være henne og bygge skinne ikke også mor
/zhome/2f/8/153764/Desktop/final/test_dataset_baby/206.wav,/zhome/2f/8/153764/Desktop/final/test_dataset_baby/206.wav,mor selv gøre det mor selv gøre det
/zhome/2f/8/153764/Desktop/final/test_dataset_baby/207.wav,/zhome/2f/8/153764/Desktop/final/test_dataset_baby/207.wav,nej kan ikke den kan også køre
/zhome/2f/8/153764/Desktop/final/test_dataset_baby/208.wav,/zhome/2f/8/153764/Desktop/final/test_dataset_baby/208.wav,ikke sidde andre skinne nej den anden futtoget
/zhome/2f/8/153764/Desktop/final/test_dataset_baby/209.wav,/zhome/2f/8/153764/Desktop/final/test_dataset_baby/209.wav,hvor er den henne se kan den
/zhome/2f/8/153764/Desktop/final/test_dataset_baby/210.wav,/zhome/2f/8/153764/Desktop/final/test_dataset_baby/210.wav,dreje rundt køre rundt
/zhome/2f/8/153764/Desktop/final/test_dataset_baby/211.wav,/zhome/2f/8/153764/Desktop/final/test_dataset_baby/211.wav,se nu Jens han kan den er sjov og køre på den
/zhome/2f/8/153764/Desktop/final/test_dataset_baby/212.wav,/zhome/2f/8/153764/Desktop/final/test_dataset_baby/212.wav,og bil kan også dreje rundt
/zhome/2f/8/153764/Desktop/final/test_dataset_baby/213.wav,/zhome/2f/8/153764/Desktop/final/test_dataset_baby/213.wav,og bil bilen holder stille
/zhome/2f/8/153764/Desktop/final/test_dataset_baby/214.wav,/zhome/2f/8/153764/Desktop/final/test_dataset_baby/214.wav,mig lege på den have min mælk i der
/zhome/2f/8/153764/Desktop/final/test_dataset_baby/215.wav,/zhome/2f/8/153764/Desktop/final/test_dataset_baby/215.wav,se holder bil mor futtekao godt
/zhome/2f/8/153764/Desktop/final/test_dataset_baby/216.wav,/zhome/2f/8/153764/Desktop/final/test_dataset_baby/216.wav,jeg sætter den den plads dyt
/zhome/2f/8/153764/Desktop/final/test_dataset_baby/217.wav,/zhome/2f/8/153764/Desktop/final/test_dataset_baby/217.wav,sætter ned dyt sætte på plads
/zhome/2f/8/153764/Desktop/final/test_dataset_baby/218.wav,/zhome/2f/8/153764/Desktop/final/test_dataset_baby/218.wav,kravle op jeg køre hen til Sebastian
/zhome/2f/8/153764/Desktop/final/test_dataset_baby/219.wav,/zhome/2f/8/153764/Desktop/final/test_dataset_baby/219.wav,køre hen til Sebastian holder bil derhenne
/zhome/2f/8/153764/Desktop/final/test_dataset_baby/220.wav,/zhome/2f/8/153764/Desktop/final/test_dataset_baby/220.wav,sikke noget bremse se nu bremser den
/zhome/2f/8/153764/Desktop/final/test_dataset_baby/221.wav,/zhome/2f/8/153764/Desktop/final/test_dataset_baby/221.wav, ikke der vel det var pokkers
/zhome/2f/8/153764/Desktop/final/test_dataset_baby/222.wav,/zhome/2f/8/153764/Desktop/final/test_dataset_baby/222.wav,orv det for var pokkers  nu køre  mig
/zhome/2f/8/153764/Desktop/final/test_dataset_baby/223.wav,/zhome/2f/8/153764/Desktop/final/test_dataset_baby/223.wav,der køre deri hvad se der er også en     
/zhome/2f/8/153764/Desktop/final/test_dataset_baby/224.wav,/zhome/2f/8/153764/Desktop/final/test_dataset_baby/224.wav,der er også en der kører ind under sådan en
/zhome/2f/8/153764/Desktop/final/test_dataset_baby/225.wav,/zhome/2f/8/153764/Desktop/final/test_dataset_baby/225.wav,ikke køre derind det er toget
/zhome/2f/8/153764/Desktop/final/test_dataset_baby/226.wav,/zhome/2f/8/153764/Desktop/final/test_dataset_baby/226.wav, mig kan ikke komme den op vel mor
/zhome/2f/8/153764/Desktop/final/test_dataset_baby/227.wav,/zhome/2f/8/153764/Desktop/final/test_dataset_baby/227.wav,nej det er min bil den kan den er gået i stykker
/zhome/2f/8/153764/Desktop/final/test_dataset_baby/228.wav,/zhome/2f/8/153764/Desktop/final/test_dataset_baby/228.wav,har Sebastian lavet den  hvor er futtog dernede
/zhome/2f/8/153764/Desktop/final/test_dataset_baby/229.wav,/zhome/2f/8/153764/Desktop/final/test_dataset_baby/229.wav,nu kommer futtog ud mor se nu det
/zhome/2f/8/153764/Desktop/final/test_dataset_baby/230.wav,/zhome/2f/8/153764/Desktop/final/test_dataset_baby/230.wav,futtog derinde er derinde
/zhome/2f/8/153764/Desktop/final/test_dataset_baby/231.wav,/zhome/2f/8/153764/Desktop/final/test_dataset_baby/231.wav,hvad det deri se skinner deri jeg lege det
/zhome/2f/8/153764/Desktop/final/test_dataset_baby/232.wav,/zhome/2f/8/153764/Desktop/final/test_dataset_baby/232.wav,hvad mor har farmor ikke sådan en vel
/zhome/2f/8/153764/Desktop/final/test_dataset_baby/233.wav,/zhome/2f/8/153764/Desktop/final/test_dataset_baby/233.wav,nej var ude i farmors have også en også lege det
/zhome/2f/8/153764/Desktop/final/test_dataset_baby/234.wav,/zhome/2f/8/153764/Desktop/final/test_dataset_baby/234.wav,lege det der der er også lille
/zhome/2f/8/153764/Desktop/final/test_dataset_baby/235.wav,/zhome/2f/8/153764/Desktop/final/test_dataset_baby/235.wav,sådan en er også med jeg lave skinne her
/zhome/2f/8/153764/Desktop/final/test_dataset_baby/236.wav,/zhome/2f/8/153764/Desktop/final/test_dataset_baby/236.wav,ikke nogen til sådan en skinner der er også en
/zhome/2f/8/153764/Desktop/final/test_dataset_baby/237.wav,/zhome/2f/8/153764/Desktop/final/test_dataset_baby/237.wav,og der er også en æh smutter den af der
/zhome/2f/8/153764/Desktop/final/test_dataset_baby/238.wav,/zhome/2f/8/153764/Desktop/final/test_dataset_baby/238.wav,mor ikke sætte den på sikke noget
/zhome/2f/8/153764/Desktop/final/test_dataset_baby/239.wav,/zhome/2f/8/153764/Desktop/final/test_dataset_baby/239.wav,den bold der køre deri
/zhome/2f/8/153764/Desktop/final/test_dataset_baby/240.wav,/zhome/2f/8/153764/Desktop/final/test_dataset_baby/240.wav,få så ah smage godt
/zhome/2f/8/153764/Desktop/final/test_dataset_baby/241.wav,/zhome/2f/8/153764/Desktop/final/test_dataset_baby/241.wav,mig godt lide det mor godt spise
/zhome/2f/8/153764/Desktop/final/test_dataset_baby/242.wav,/zhome/2f/8/153764/Desktop/final/test_dataset_baby/242.wav,hvad mor mig smage en
/zhome/2f/8/153764/Desktop/final/test_dataset_baby/243.wav,/zhome/2f/8/153764/Desktop/final/test_dataset_baby/243.wav,hvor kommer nu der hvor mor hen
/zhome/2f/8/153764/Desktop/final/test_dataset_baby/244.wav,/zhome/2f/8/153764/Desktop/final/test_dataset_baby/244.wav,der er sådan en bil sikke noget
/zhome/2f/8/153764/Desktop/final/test_dataset_baby/245.wav,/zhome/2f/8/153764/Desktop/final/test_dataset_baby/245.wav,det er svær kørt over hvad
/zhome/2f/8/153764/Desktop/final/test_dataset_baby/246.wav,/zhome/2f/8/153764/Desktop/final/test_dataset_baby/246.wav,hvad det for noget sætte den på vel
/zhome/2f/8/153764/Desktop/final/test_dataset_baby/247.wav,/zhome/2f/8/153764/Desktop/final/test_dataset_baby/247.wav,ikke tage den af har tabt den anden hjul
/zhome/2f/8/153764/Desktop/final/test_dataset_baby/248.wav,/zhome/2f/8/153764/Desktop/final/test_dataset_baby/248.wav,mor har lavet den mig køre på den
/zhome/2f/8/153764/Desktop/final/test_dataset_baby/249.wav,/zhome/2f/8/153764/Desktop/final/test_dataset_baby/249.wav,futtog køre nu futtog
/zhome/2f/8/153764/Desktop/final/test_dataset_baby/250.wav,/zhome/2f/8/153764/Desktop/final/test_dataset_baby/250.wav,nu kører hvor mor hen
/zhome/2f/8/153764/Desktop/final/test_dataset_baby/251.wav,/zhome/2f/8/153764/Desktop/final/test_dataset_baby/251.wav,hvem er det kommer der to fire dør
/zhome/2f/8/153764/Desktop/final/test_dataset_baby/252.wav,/zhome/2f/8/153764/Desktop/final/test_dataset_baby/252.wav,det den er varmt det se flyver
/zhome/2f/8/153764/Desktop/final/test_dataset_baby/253.wav,/zhome/2f/8/153764/Desktop/final/test_dataset_baby/253.wav,ikke helikopter hvad se laver de hvad
/zhome/2f/8/153764/Desktop/final/test_dataset_baby/254.wav,/zhome/2f/8/153764/Desktop/final/test_dataset_baby/254.wav,hvad laver de hvad det der kan køre
/zhome/2f/8/153764/Desktop/final/test_dataset_baby/255.wav,/zhome/2f/8/153764/Desktop/final/test_dataset_baby/255.wav,den vej så hvad laver nu
/zhome/2f/8/153764/Desktop/final/test_dataset_baby/256.wav,/zhome/2f/8/153764/Desktop/final/test_dataset_baby/256.wav,hvor hvor er mange penge henne over grisen
/zhome/2f/8/153764/Desktop/final/test_dataset_baby/257.wav,/zhome/2f/8/153764/Desktop/final/test_dataset_baby/257.wav,fugl ikke noget
/zhome/2f/8/153764/Desktop/final/test_dataset_baby/258.wav,/zhome/2f/8/153764/Desktop/final/test_dataset_baby/258.wav,missekat hvor er bukserne henne
/zhome/2f/8/153764/Desktop/final/test_dataset_baby/259.wav,/zhome/2f/8/153764/Desktop/final/test_dataset_baby/259.wav,hvor hvor er lille bukser henne hvor er den henne
/zhome/2f/8/153764/Desktop/final/test_dataset_baby/260.wav,/zhome/2f/8/153764/Desktop/final/test_dataset_baby/260.wav,mere saml den igen
/zhome/2f/8/153764/Desktop/final/test_dataset_baby/261.wav,/zhome/2f/8/153764/Desktop/final/test_dataset_baby/261.wav,ja får sutten af du får sutten igen
/zhome/2f/8/153764/Desktop/final/test_dataset_baby/262.wav,/zhome/2f/8/153764/Desktop/final/test_dataset_baby/262.wav,køre den over har futtog kørt den over
/zhome/2f/8/153764/Desktop/final/test_dataset_baby/263.wav,/zhome/2f/8/153764/Desktop/final/test_dataset_baby/263.wav,jeg skubber den nu sidder den op futtoget
/zhome/2f/8/153764/Desktop/final/test_dataset_baby/264.wav,/zhome/2f/8/153764/Desktop/final/test_dataset_baby/264.wav,der bamse falde ned ride på hest
/zhome/2f/8/153764/Desktop/final/test_dataset_baby/265.wav,/zhome/2f/8/153764/Desktop/final/test_dataset_baby/265.wav,se kager køre futtog
/zhome/2f/8/153764/Desktop/final/test_dataset_baby/266.wav,/zhome/2f/8/153764/Desktop/final/test_dataset_baby/266.wav,nej sige noget trække her op af
/zhome/2f/8/153764/Desktop/final/test_dataset_baby/267.wav,/zhome/2f/8/153764/Desktop/final/test_dataset_baby/267.wav,den kan ikke med futtoget
/zhome/2f/8/153764/Desktop/final/test_dataset_baby/268.wav,/zhome/2f/8/153764/Desktop/final/test_dataset_baby/268.wav,nej kan den ikke nej den sige ikke noget
/zhome/2f/8/153764/Desktop/final/test_dataset_baby/269.wav,/zhome/2f/8/153764/Desktop/final/test_dataset_baby/269.wav,hvorfor ikke med hånden
/zhome/2f/8/153764/Desktop/final/test_dataset_baby/270.wav,/zhome/2f/8/153764/Desktop/final/test_dataset_baby/270.wav,slår futtoget grisen får
/zhome/2f/8/153764/Desktop/final/test_dataset_baby/271.wav,/zhome/2f/8/153764/Desktop/final/test_dataset_baby/271.wav,det er futtoget væk sige den ikke noget
/zhome/2f/8/153764/Desktop/final/test_dataset_baby/272.wav,/zhome/2f/8/153764/Desktop/final/test_dataset_baby/272.wav,jeg smide den bare derned hvad var det siger
/zhome/2f/8/153764/Desktop/final/test_dataset_baby/273.wav,/zhome/2f/8/153764/Desktop/final/test_dataset_baby/273.wav,hvor prøve se bare se tage den af 
/zhome/2f/8/153764/Desktop/final/test_dataset_baby/274.wav,/zhome/2f/8/153764/Desktop/final/test_dataset_baby/274.wav,mig se herude græsset den larmer igen
/zhome/2f/8/153764/Desktop/final/test_dataset_baby/275.wav,/zhome/2f/8/153764/Desktop/final/test_dataset_baby/275.wav,den er sød ride på den
/zhome/2f/8/153764/Desktop/final/test_dataset_baby/276.wav,/zhome/2f/8/153764/Desktop/final/test_dataset_baby/276.wav,hvorhenne bamse kan ikke bare hænge herpå
/zhome/2f/8/153764/Desktop/final/test_dataset_baby/277.wav,/zhome/2f/8/153764/Desktop/final/test_dataset_baby/277.wav,kravle op min hånd se nu kan
/zhome/2f/8/153764/Desktop/final/test_dataset_baby/278.wav,/zhome/2f/8/153764/Desktop/final/test_dataset_baby/278.wav,kan kravle op min hånd nej kan den ikke
/zhome/2f/8/153764/Desktop/final/test_dataset_baby/279.wav,/zhome/2f/8/153764/Desktop/final/test_dataset_baby/279.wav,kravle op min hånd se mig gøre
/zhome/2f/8/153764/Desktop/final/test_dataset_baby/280.wav,/zhome/2f/8/153764/Desktop/final/test_dataset_baby/280.wav,nej den er sød den næsen
/zhome/2f/8/153764/Desktop/final/test_dataset_baby/281.wav,/zhome/2f/8/153764/Desktop/final/test_dataset_baby/281.wav,er sjov gerne have noget at spise
/zhome/2f/8/153764/Desktop/final/test_dataset_baby/282.wav,/zhome/2f/8/153764/Desktop/final/test_dataset_baby/282.wav,den ikke sidde den sidde på hesten
/zhome/2f/8/153764/Desktop/final/test_dataset_baby/283.wav,/zhome/2f/8/153764/Desktop/final/test_dataset_baby/283.wav,falder ned have anden en på
/zhome/2f/8/153764/Desktop/final/test_dataset_baby/284.wav,/zhome/2f/8/153764/Desktop/final/test_dataset_baby/284.wav,mere kage hun bade
/zhome/2f/8/153764/Desktop/final/test_dataset_baby/285.wav,/zhome/2f/8/153764/Desktop/final/test_dataset_baby/285.wav,Jens have hoved af øh hvor øh ond øjet
/zhome/2f/8/153764/Desktop/final/test_dataset_baby/286.wav,/zhome/2f/8/153764/Desktop/final/test_dataset_baby/286.wav,har ondt munden og nede i halsen sådan noget nede i halsen
/zhome/2f/8/153764/Desktop/final/test_dataset_baby/287.wav,/zhome/2f/8/153764/Desktop/final/test_dataset_baby/287.wav,hvor er mor henne det er min Jens
/zhome/2f/8/153764/Desktop/final/test_dataset_baby/288.wav,/zhome/2f/8/153764/Desktop/final/test_dataset_baby/288.wav,cykel sikke noget
/zhome/2f/8/153764/Desktop/final/test_dataset_baby/289.wav,/zhome/2f/8/153764/Desktop/final/test_dataset_baby/289.wav,ikke ind Marianne mor mig se mig
/zhome/2f/8/153764/Desktop/final/test_dataset_baby/290.wav,/zhome/2f/8/153764/Desktop/final/test_dataset_baby/290.wav,skal slå græsplæne vælter græs
/zhome/2f/8/153764/Desktop/final/test_dataset_baby/291.wav,/zhome/2f/8/153764/Desktop/final/test_dataset_baby/291.wav,græder heller græder ikke dernede
/zhome/2f/8/153764/Desktop/final/test_dataset_baby/292.wav,/zhome/2f/8/153764/Desktop/final/test_dataset_baby/292.wav,mor skal lege have sovs på
/zhome/2f/8/153764/Desktop/final/test_dataset_baby/293.wav,/zhome/2f/8/153764/Desktop/final/test_dataset_baby/293.wav,varm i nej ikke spaghetti
/zhome/2f/8/153764/Desktop/final/test_dataset_baby/294.wav,/zhome/2f/8/153764/Desktop/final/test_dataset_baby/294.wav,brænder brænder mor pande bil
/zhome/2f/8/153764/Desktop/final/test_dataset_baby/295.wav,/zhome/2f/8/153764/Desktop/final/test_dataset_baby/295.wav,hop Marianne skovl
/zhome/2f/8/153764/Desktop/final/test_dataset_baby/296.wav,/zhome/2f/8/153764/Desktop/final/test_dataset_baby/296.wav,mor vand igen nej mor være
/zhome/2f/8/153764/Desktop/final/test_dataset_baby/297.wav,/zhome/2f/8/153764/Desktop/final/test_dataset_baby/297.wav,er varm lave mig kage
/zhome/2f/8/153764/Desktop/final/test_dataset_baby/298.wav,/zhome/2f/8/153764/Desktop/final/test_dataset_baby/298.wav,hej lille vovhund gør meget af
/zhome/2f/8/153764/Desktop/final/test_dataset_baby/299.wav,/zhome/2f/8/153764/Desktop/final/test_dataset_baby/299.wav, ja mig nej ikke mig
/zhome/2f/8/153764/Desktop/final/test_dataset_baby/300.wav,/zhome/2f/8/153764/Desktop/final/test_dataset_baby/300.wav,den spise den mere
/zhome/2f/8/153764/Desktop/final/test_dataset_baby/301.wav,/zhome/2f/8/153764/Desktop/final/test_dataset_baby/301.wav,det vovhund spise hov vovhunden har lavet
/zhome/2f/8/153764/Desktop/final/test_dataset_baby/302.wav,/zhome/2f/8/153764/Desktop/final/test_dataset_baby/302.wav,jeg lave en ny har du sien henne
/zhome/2f/8/153764/Desktop/final/test_dataset_baby/303.wav,/zhome/2f/8/153764/Desktop/final/test_dataset_baby/303.wav,en stjerne mor lave den
/zhome/2f/8/153764/Desktop/final/test_dataset_baby/304.wav,/zhome/2f/8/153764/Desktop/final/test_dataset_baby/304.wav,mor lave den sådan en kage se bare lige kage væk
/zhome/2f/8/153764/Desktop/final/test_dataset_baby/305.wav,/zhome/2f/8/153764/Desktop/final/test_dataset_baby/305.wav,her vovhund spise det hov lille
/zhome/2f/8/153764/Desktop/final/test_dataset_baby/306.wav,/zhome/2f/8/153764/Desktop/final/test_dataset_baby/306.wav,der sidst dig væk har ude i lastbil
/zhome/2f/8/153764/Desktop/final/test_dataset_baby/307.wav,/zhome/2f/8/153764/Desktop/final/test_dataset_baby/307.wav,ude i lastbil har eh altså lege lidt
/zhome/2f/8/153764/Desktop/final/test_dataset_baby/308.wav,/zhome/2f/8/153764/Desktop/final/test_dataset_baby/308.wav,mig og min bil lille biler
/zhome/2f/8/153764/Desktop/final/test_dataset_baby/309.wav,/zhome/2f/8/153764/Desktop/final/test_dataset_baby/309.wav,lille vovhund have pandekage
/zhome/2f/8/153764/Desktop/final/test_dataset_baby/310.wav,/zhome/2f/8/153764/Desktop/final/test_dataset_baby/310.wav,værsågod det pandekage eh hjemme Tina og far
/zhome/2f/8/153764/Desktop/final/test_dataset_baby/311.wav,/zhome/2f/8/153764/Desktop/final/test_dataset_baby/311.wav,Tina og far jeg lave det stor kage
/zhome/2f/8/153764/Desktop/final/test_dataset_baby/312.wav,/zhome/2f/8/153764/Desktop/final/test_dataset_baby/312.wav, nej bare lave pandekage nej spiser det Jens
/zhome/2f/8/153764/Desktop/final/test_dataset_baby/313.wav,/zhome/2f/8/153764/Desktop/final/test_dataset_baby/313.wav,åh det flue have mor kage
/zhome/2f/8/153764/Desktop/final/test_dataset_baby/314.wav,/zhome/2f/8/153764/Desktop/final/test_dataset_baby/314.wav,hov har tabt den mere mig lave den
/zhome/2f/8/153764/Desktop/final/test_dataset_baby/315.wav,/zhome/2f/8/153764/Desktop/final/test_dataset_baby/315.wav,får sovs på nej mig prøve
/zhome/2f/8/153764/Desktop/final/test_dataset_baby/316.wav,/zhome/2f/8/153764/Desktop/final/test_dataset_baby/316.wav,have sådan en over i skoven
/zhome/2f/8/153764/Desktop/final/test_dataset_baby/317.wav,/zhome/2f/8/153764/Desktop/final/test_dataset_baby/317.wav,og en muldvarp nede og bambi har
/zhome/2f/8/153764/Desktop/final/test_dataset_baby/318.wav,/zhome/2f/8/153764/Desktop/final/test_dataset_baby/318.wav,haps ben lille lille lille bitte sige haps ben
/zhome/2f/8/153764/Desktop/final/test_dataset_baby/319.wav,/zhome/2f/8/153764/Desktop/final/test_dataset_baby/319.wav,også fiske sammen hopper ned i vandet gør sådan noget
/zhome/2f/8/153764/Desktop/final/test_dataset_baby/320.wav,/zhome/2f/8/153764/Desktop/final/test_dataset_baby/320.wav,om Sebastian  hvad det her mor
/zhome/2f/8/153764/Desktop/final/test_dataset_baby/321.wav,/zhome/2f/8/153764/Desktop/final/test_dataset_baby/321.wav,er chokolade  ovre legepladsen og
/zhome/2f/8/153764/Desktop/final/test_dataset_baby/322.wav,/zhome/2f/8/153764/Desktop/final/test_dataset_baby/322.wav,og kravle oppe stigen og huller
/zhome/2f/8/153764/Desktop/final/test_dataset_baby/323.wav,/zhome/2f/8/153764/Desktop/final/test_dataset_baby/323.wav,hvor rutschebane henne lad være mor
/zhome/2f/8/153764/Desktop/final/test_dataset_baby/324.wav,/zhome/2f/8/153764/Desktop/final/test_dataset_baby/324.wav,lave huller en lille bi
/zhome/2f/8/153764/Desktop/final/test_dataset_baby/325.wav,/zhome/2f/8/153764/Desktop/final/test_dataset_baby/325.wav,er sådan noget æh mig kigge sådan nogen Jens inde
/zhome/2f/8/153764/Desktop/final/test_dataset_baby/326.wav,/zhome/2f/8/153764/Desktop/final/test_dataset_baby/326.wav,ja adr puha adr mig  kigge Jens
/zhome/2f/8/153764/Desktop/final/test_dataset_baby/327.wav,/zhome/2f/8/153764/Desktop/final/test_dataset_baby/327.wav,er det mor her mange boller dernede
/zhome/2f/8/153764/Desktop/final/test_dataset_baby/328.wav,/zhome/2f/8/153764/Desktop/final/test_dataset_baby/328.wav,nej mig sætte den på fine billeder har
/zhome/2f/8/153764/Desktop/final/test_dataset_baby/329.wav,/zhome/2f/8/153764/Desktop/final/test_dataset_baby/329.wav,over haven det er moster have der var lille bå jordbær her
/zhome/2f/8/153764/Desktop/final/test_dataset_baby/330.wav,/zhome/2f/8/153764/Desktop/final/test_dataset_baby/330.wav,har lille tyk mave nu er jordbær dernede
/zhome/2f/8/153764/Desktop/final/test_dataset_baby/331.wav,/zhome/2f/8/153764/Desktop/final/test_dataset_baby/331.wav,mere prøve ud ud lege bolder
/zhome/2f/8/153764/Desktop/final/test_dataset_baby/332.wav,/zhome/2f/8/153764/Desktop/final/test_dataset_baby/332.wav,ah min bolder sådan noget
/zhome/2f/8/153764/Desktop/final/test_dataset_baby/333.wav,/zhome/2f/8/153764/Desktop/final/test_dataset_baby/333.wav,lille egern komme ko der ko
/zhome/2f/8/153764/Desktop/final/test_dataset_baby/334.wav,/zhome/2f/8/153764/Desktop/final/test_dataset_baby/334.wav,hvad det der ned læse i der er en missekat æh hvor er Sim henne
/zhome/2f/8/153764/Desktop/final/test_dataset_baby/335.wav,/zhome/2f/8/153764/Desktop/final/test_dataset_baby/335.wav,der er lille mis ude og lege I skal ud og lege mor
/zhome/2f/8/153764/Desktop/final/test_dataset_baby/336.wav,/zhome/2f/8/153764/Desktop/final/test_dataset_baby/336.wav,hvad laver bille hov stor fugl
/zhome/2f/8/153764/Desktop/final/test_dataset_baby/337.wav,/zhome/2f/8/153764/Desktop/final/test_dataset_baby/337.wav,hvorfor er miskaten bange og store fugl bange
/zhome/2f/8/153764/Desktop/final/test_dataset_baby/338.wav,/zhome/2f/8/153764/Desktop/final/test_dataset_baby/338.wav,fugl godt lide katten hvad det her mor hvad laver missekatten
/zhome/2f/8/153764/Desktop/final/test_dataset_baby/339.wav,/zhome/2f/8/153764/Desktop/final/test_dataset_baby/339.wav,hvad det laver der lille mus
/zhome/2f/8/153764/Desktop/final/test_dataset_baby/340.wav,/zhome/2f/8/153764/Desktop/final/test_dataset_baby/340.wav,mig har sådan en hvor legehusen
/zhome/2f/8/153764/Desktop/final/test_dataset_baby/341.wav,/zhome/2f/8/153764/Desktop/final/test_dataset_baby/341.wav,der også musen hvad det han laver
/zhome/2f/8/153764/Desktop/final/test_dataset_baby/342.wav,/zhome/2f/8/153764/Desktop/final/test_dataset_baby/342.wav,det er manden der sidder op lastbil en hund
/zhome/2f/8/153764/Desktop/final/test_dataset_baby/343.wav,/zhome/2f/8/153764/Desktop/final/test_dataset_baby/343.wav,er det løve den ser farlig ud
/zhome/2f/8/153764/Desktop/final/test_dataset_baby/344.wav,/zhome/2f/8/153764/Desktop/final/test_dataset_baby/344.wav,det gør far også det værre noget
/zhome/2f/8/153764/Desktop/final/test_dataset_baby/345.wav,/zhome/2f/8/153764/Desktop/final/test_dataset_baby/345.wav,en lille bi der vovhund farlig
/zhome/2f/8/153764/Desktop/final/test_dataset_baby/346.wav,/zhome/2f/8/153764/Desktop/final/test_dataset_baby/346.wav, miskaten den ser gal ud de leger bare
/zhome/2f/8/153764/Desktop/final/test_dataset_baby/347.wav,/zhome/2f/8/153764/Desktop/final/test_dataset_baby/347.wav,hvad det laver mor hvad det laver her
/zhome/2f/8/153764/Desktop/final/test_dataset_baby/348.wav,/zhome/2f/8/153764/Desktop/final/test_dataset_baby/348.wav,hvor flyvemaskine henne fordi at
/zhome/2f/8/153764/Desktop/final/test_dataset_baby/349.wav,/zhome/2f/8/153764/Desktop/final/test_dataset_baby/349.wav,det ved jeg ikke rigtigt hvorfor skal jeg tage dig rundt om næsen
/zhome/2f/8/153764/Desktop/final/test_dataset_baby/350.wav,/zhome/2f/8/153764/Desktop/final/test_dataset_baby/350.wav,skal de være der skal den være der hvad der
/zhome/2f/8/153764/Desktop/final/test_dataset_baby/351.wav,/zhome/2f/8/153764/Desktop/final/test_dataset_baby/351.wav,mor har en to tre jeg ved ikke hvad for nogle man tager
/zhome/2f/8/153764/Desktop/final/test_dataset_baby/352.wav,/zhome/2f/8/153764/Desktop/final/test_dataset_baby/352.wav,hvem har en seng nogle æbletræer
/zhome/2f/8/153764/Desktop/final/test_dataset_baby/353.wav,/zhome/2f/8/153764/Desktop/final/test_dataset_baby/353.wav,hvem har nogle mælkekartoner man kan også kalde det for mælkekartoner hvis man ikke ved det
/zhome/2f/8/153764/Desktop/final/test_dataset_baby/354.wav,/zhome/2f/8/153764/Desktop/final/test_dataset_baby/354.wav,nå hvem har et skib hvem har nogle søstjerner og et sneglehus og nogle søstjerner og nogle sneglehuse
/zhome/2f/8/153764/Desktop/final/test_dataset_baby/355.wav,/zhome/2f/8/153764/Desktop/final/test_dataset_baby/355.wav,den grønne der det er en musling når jeg får den så banko
/zhome/2f/8/153764/Desktop/final/test_dataset_baby/356.wav,/zhome/2f/8/153764/Desktop/final/test_dataset_baby/356.wav,en kaffekande og en kaffekop  hvis jeg får de der to så er det banko
/zhome/2f/8/153764/Desktop/final/test_dataset_baby/357.wav,/zhome/2f/8/153764/Desktop/final/test_dataset_baby/357.wav,jeg sagde fem minutter jeg har ikke banko endnu
/zhome/2f/8/153764/Desktop/final/test_dataset_baby/358.wav,/zhome/2f/8/153764/Desktop/final/test_dataset_baby/358.wav,der kun mangler to iha hvorfor skal jeg ikke have en
/zhome/2f/8/153764/Desktop/final/test_dataset_baby/359.wav,/zhome/2f/8/153764/Desktop/final/test_dataset_baby/359.wav,hvorfor kan de ikke komme af hvorfor har han to isvafler
/zhome/2f/8/153764/Desktop/final/test_dataset_baby/360.wav,/zhome/2f/8/153764/Desktop/final/test_dataset_baby/360.wav,og han skal have den bette det ved jeg ikke rigtigt hvorfor
/zhome/2f/8/153764/Desktop/final/test_dataset_baby/361.wav,/zhome/2f/8/153764/Desktop/final/test_dataset_baby/361.wav,skal jeg tagei dig rundt om næsen skal de være
/zhome/2f/8/153764/Desktop/final/test_dataset_baby/362.wav,/zhome/2f/8/153764/Desktop/final/test_dataset_baby/362.wav,skal den være der hvad kan lukke
/zhome/2f/8/153764/Desktop/final/test_dataset_baby/363.wav,/zhome/2f/8/153764/Desktop/final/test_dataset_baby/363.wav,sådan op og ned
/zhome/2f/8/153764/Desktop/final/test_dataset_baby/364.wav,/zhome/2f/8/153764/Desktop/final/test_dataset_baby/364.wav,ligge sover derinde mor goddag og lukker
/zhome/2f/8/153764/Desktop/final/test_dataset_baby/365.wav,/zhome/2f/8/153764/Desktop/final/test_dataset_baby/365.wav,lukker mand i så stå stille
/zhome/2f/8/153764/Desktop/final/test_dataset_baby/366.wav,/zhome/2f/8/153764/Desktop/final/test_dataset_baby/366.wav,så vasker og vasker hånd
/zhome/2f/8/153764/Desktop/final/test_dataset_baby/367.wav,/zhome/2f/8/153764/Desktop/final/test_dataset_baby/367.wav,det køleskab leger hvor manden henne
/zhome/2f/8/153764/Desktop/final/test_dataset_baby/368.wav,/zhome/2f/8/153764/Desktop/final/test_dataset_baby/368.wav,der var den ikke sige noget manden mor
/zhome/2f/8/153764/Desktop/final/test_dataset_baby/369.wav,/zhome/2f/8/153764/Desktop/final/test_dataset_baby/369.wav,lige se drengen laver det mor hånd derinde
/zhome/2f/8/153764/Desktop/final/test_dataset_baby/370.wav,/zhome/2f/8/153764/Desktop/final/test_dataset_baby/370.wav,kan se noget ov ja  ikke komme ind
/zhome/2f/8/153764/Desktop/final/test_dataset_baby/371.wav,/zhome/2f/8/153764/Desktop/final/test_dataset_baby/371.wav,nej mand ikke komme ind dreng ikke kommet ud mor
/zhome/2f/8/153764/Desktop/final/test_dataset_baby/372.wav,/zhome/2f/8/153764/Desktop/final/test_dataset_baby/372.wav,og laver hånd derover bukser op mor
/zhome/2f/8/153764/Desktop/final/test_dataset_baby/373.wav,/zhome/2f/8/153764/Desktop/final/test_dataset_baby/373.wav,mand bukser op mor se mand kravler op hus
/zhome/2f/8/153764/Desktop/final/test_dataset_baby/374.wav,/zhome/2f/8/153764/Desktop/final/test_dataset_baby/374.wav,have dreng med skal kravle derned
/zhome/2f/8/153764/Desktop/final/test_dataset_baby/375.wav,/zhome/2f/8/153764/Desktop/final/test_dataset_baby/375.wav,ikke dreng derind og kigge vindue nu han falder ned
/zhome/2f/8/153764/Desktop/final/test_dataset_baby/376.wav,/zhome/2f/8/153764/Desktop/final/test_dataset_baby/376.wav,mand ikke tisse nu  må ikke kravle]
/zhome/2f/8/153764/Desktop/final/test_dataset_baby/377.wav,/zhome/2f/8/153764/Desktop/final/test_dataset_baby/377.wav,ikke kravle op derned tror noget i der
/zhome/2f/8/153764/Desktop/final/test_dataset_baby/378.wav,/zhome/2f/8/153764/Desktop/final/test_dataset_baby/378.wav,er det en pude Jens seng nej ikke vende ikke sådan
/zhome/2f/8/153764/Desktop/final/test_dataset_baby/379.wav,/zhome/2f/8/153764/Desktop/final/test_dataset_baby/379.wav,hvor er futtog henne mor hvor er manden henne mor
/zhome/2f/8/153764/Desktop/final/test_dataset_baby/380.wav,/zhome/2f/8/153764/Desktop/final/test_dataset_baby/380.wav,det godt være har bussemand mor
/zhome/2f/8/153764/Desktop/final/test_dataset_baby/381.wav,/zhome/2f/8/153764/Desktop/final/test_dataset_baby/381.wav,og bord sådan der ah bruseren står derovre
/zhome/2f/8/153764/Desktop/final/test_dataset_baby/382.wav,/zhome/2f/8/153764/Desktop/final/test_dataset_baby/382.wav,en vandhane mor manden bærer pigen
/zhome/2f/8/153764/Desktop/final/test_dataset_baby/383.wav,/zhome/2f/8/153764/Desktop/final/test_dataset_baby/383.wav,derover wcet det pigen der skylle
/zhome/2f/8/153764/Desktop/final/test_dataset_baby/384.wav,/zhome/2f/8/153764/Desktop/final/test_dataset_baby/384.wav,nej ikke sådan der Jens mor skal bord bruse der
/zhome/2f/8/153764/Desktop/final/test_dataset_baby/385.wav,/zhome/2f/8/153764/Desktop/final/test_dataset_baby/385.wav,mand der ikke kravle op nu ah står der mor
/zhome/2f/8/153764/Desktop/final/test_dataset_baby/386.wav,/zhome/2f/8/153764/Desktop/final/test_dataset_baby/386.wav,går mand op kommer mand op lidt tung
/zhome/2f/8/153764/Desktop/final/test_dataset_baby/387.wav,/zhome/2f/8/153764/Desktop/final/test_dataset_baby/387.wav,til at male hus til at male far hus
/zhome/2f/8/153764/Desktop/final/test_dataset_baby/388.wav,/zhome/2f/8/153764/Desktop/final/test_dataset_baby/388.wav,faren derover hvad laver fy lad være
/zhome/2f/8/153764/Desktop/final/test_dataset_baby/389.wav,/zhome/2f/8/153764/Desktop/final/test_dataset_baby/389.wav,den vende forkert stigen bære stigen
/zhome/2f/8/153764/Desktop/final/test_dataset_baby/390.wav,/zhome/2f/8/153764/Desktop/final/test_dataset_baby/390.wav,min dårlig ben den mor av det går i stykker
/zhome/2f/8/153764/Desktop/final/test_dataset_baby/391.wav,/zhome/2f/8/153764/Desktop/final/test_dataset_baby/391.wav,der er noget endnu går mand op huset
/zhome/2f/8/153764/Desktop/final/test_dataset_baby/392.wav,/zhome/2f/8/153764/Desktop/final/test_dataset_baby/392.wav,kravler ned han banker på hvad det
/zhome/2f/8/153764/Desktop/final/test_dataset_baby/393.wav,/zhome/2f/8/153764/Desktop/final/test_dataset_baby/393.wav,noget i mor ah det mand kiggen
/zhome/2f/8/153764/Desktop/final/test_dataset_baby/394.wav,/zhome/2f/8/153764/Desktop/final/test_dataset_baby/394.wav,mand sover ikke komme ud
/zhome/2f/8/153764/Desktop/final/test_dataset_baby/395.wav,/zhome/2f/8/153764/Desktop/final/test_dataset_baby/395.wav,se sover ligger sover op
/zhome/2f/8/153764/Desktop/final/test_dataset_baby/396.wav,/zhome/2f/8/153764/Desktop/final/test_dataset_baby/396.wav,se ligge sover på mand falder mor græder manden
/zhome/2f/8/153764/Desktop/final/test_dataset_baby/397.wav,/zhome/2f/8/153764/Desktop/final/test_dataset_baby/397.wav,skal man kravle ned ikke kravle ned stigen mor
/zhome/2f/8/153764/Desktop/final/test_dataset_baby/398.wav,/zhome/2f/8/153764/Desktop/final/test_dataset_baby/398.wav,han falder mor han falder der
/zhome/2f/8/153764/Desktop/final/test_dataset_baby/399.wav,/zhome/2f/8/153764/Desktop/final/test_dataset_baby/399.wav,se slog sig se nisse gå op
/zhome/2f/8/153764/Desktop/final/test_dataset_baby/400.wav,/zhome/2f/8/153764/Desktop/final/test_dataset_baby/400.wav,ah manden græder mand græder tissemand
/zhome/2f/8/153764/Desktop/final/test_dataset_baby/401.wav,/zhome/2f/8/153764/Desktop/final/test_dataset_baby/401.wav,bussemand løber Jens kravle op
/zhome/2f/8/153764/Desktop/final/test_dataset_baby/402.wav,/zhome/2f/8/153764/Desktop/final/test_dataset_baby/402.wav,Jens male hus mor har bussemand løber
/zhome/2f/8/153764/Desktop/final/test_dataset_baby/403.wav,/zhome/2f/8/153764/Desktop/final/test_dataset_baby/403.wav,skal Jens kravle ind hus alt er stor
/zhome/2f/8/153764/Desktop/final/test_dataset_baby/404.wav,/zhome/2f/8/153764/Desktop/final/test_dataset_baby/404.wav,hvor er egern henne der også paddehat mor
/zhome/2f/8/153764/Desktop/final/test_dataset_baby/405.wav,/zhome/2f/8/153764/Desktop/final/test_dataset_baby/405.wav,det værre noget hvor er Søren henne
/zhome/2f/8/153764/Desktop/final/test_dataset_baby/406.wav,/zhome/2f/8/153764/Desktop/final/test_dataset_baby/406.wav,hvad det mor det værre noget
/zhome/2f/8/153764/Desktop/final/test_dataset_baby/407.wav,/zhome/2f/8/153764/Desktop/final/test_dataset_baby/407.wav,se laver hvad det laver mor
/zhome/2f/8/153764/Desktop/final/test_dataset_baby/408.wav,/zhome/2f/8/153764/Desktop/final/test_dataset_baby/408.wav,nu er ikke bide
/zhome/2f/8/153764/Desktop/final/test_dataset_baby/409.wav,/zhome/2f/8/153764/Desktop/final/test_dataset_baby/409.wav,hvad det hvor sker den der går hov går stykker
/zhome/2f/8/153764/Desktop/final/test_dataset_baby/410.wav,/zhome/2f/8/153764/Desktop/final/test_dataset_baby/410.wav,den også en mor den er også gået i stykker
/zhome/2f/8/153764/Desktop/final/test_dataset_baby/411.wav,/zhome/2f/8/153764/Desktop/final/test_dataset_baby/411.wav,bare flyver se den derover
/zhome/2f/8/153764/Desktop/final/test_dataset_baby/412.wav,/zhome/2f/8/153764/Desktop/final/test_dataset_baby/412.wav,eger egern den derovre den ud mor den ligge der hvad det mor
/zhome/2f/8/153764/Desktop/final/test_dataset_baby/413.wav,/zhome/2f/8/153764/Desktop/final/test_dataset_baby/413.wav,hvor er egern henne mor hvor er gul bog den der hvor
/zhome/2f/8/153764/Desktop/final/test_dataset_baby/414.wav,/zhome/2f/8/153764/Desktop/final/test_dataset_baby/414.wav,se sidder fast nu jeg sidder
/zhome/2f/8/153764/Desktop/final/test_dataset_baby/415.wav,/zhome/2f/8/153764/Desktop/final/test_dataset_baby/415.wav,den vende forkert se sidder fast
/zhome/2f/8/153764/Desktop/final/test_dataset_baby/416.wav,/zhome/2f/8/153764/Desktop/final/test_dataset_baby/416.wav,den siger noget med penger i mor det futtekao mor
/zhome/2f/8/153764/Desktop/final/test_dataset_baby/417.wav,/zhome/2f/8/153764/Desktop/final/test_dataset_baby/417.wav,have den af eh den byt
/zhome/2f/8/153764/Desktop/final/test_dataset_baby/418.wav,/zhome/2f/8/153764/Desktop/final/test_dataset_baby/418.wav,den bytte ikke
/zhome/2f/8/153764/Desktop/final/test_dataset_baby/419.wav,/zhome/2f/8/153764/Desktop/final/test_dataset_baby/419.wav,ikke sige noget nej ikke den på
/zhome/2f/8/153764/Desktop/final/test_dataset_baby/420.wav,/zhome/2f/8/153764/Desktop/final/test_dataset_baby/420.wav,se står der se hus mor
/zhome/2f/8/153764/Desktop/final/test_dataset_baby/421.wav,/zhome/2f/8/153764/Desktop/final/test_dataset_baby/421.wav,se skorsten på mor hvor er manden henne
/zhome/2f/8/153764/Desktop/final/test_dataset_baby/422.wav,/zhome/2f/8/153764/Desktop/final/test_dataset_baby/422.wav,hvorhenne han er inde i huset mor
/zhome/2f/8/153764/Desktop/final/test_dataset_baby/423.wav,/zhome/2f/8/153764/Desktop/final/test_dataset_baby/423.wav,det er mor derinde har lille mus op køre futtog
/zhome/2f/8/153764/Desktop/final/test_dataset_baby/424.wav,/zhome/2f/8/153764/Desktop/final/test_dataset_baby/424.wav,musen er deroppe den kigger ud
/zhome/2f/8/153764/Desktop/final/test_dataset_baby/425.wav,/zhome/2f/8/153764/Desktop/final/test_dataset_baby/425.wav,ikke kigge mere hvor er egern henne
/zhome/2f/8/153764/Desktop/final/test_dataset_baby/426.wav,/zhome/2f/8/153764/Desktop/final/test_dataset_baby/426.wav,er noget i der er det noget
/zhome/2f/8/153764/Desktop/final/test_dataset_baby/427.wav,/zhome/2f/8/153764/Desktop/final/test_dataset_baby/427.wav,hvor tegnepapir hvor papir henne
/zhome/2f/8/153764/Desktop/final/test_dataset_baby/428.wav,/zhome/2f/8/153764/Desktop/final/test_dataset_baby/428.wav,nej kan ikke jeg tegne hvid kat hus
/zhome/2f/8/153764/Desktop/final/test_dataset_baby/429.wav,/zhome/2f/8/153764/Desktop/final/test_dataset_baby/429.wav,mand i hvad det
/zhome/2f/8/153764/Desktop/final/test_dataset_baby/430.wav,/zhome/2f/8/153764/Desktop/final/test_dataset_baby/430.wav,ved ikke hvem er det
/zhome/2f/8/153764/Desktop/final/test_dataset_baby/431.wav,/zhome/2f/8/153764/Desktop/final/test_dataset_baby/431.wav,brune tegne missekatter
/zhome/2f/8/153764/Desktop/final/test_dataset_baby/432.wav,/zhome/2f/8/153764/Desktop/final/test_dataset_baby/432.wav,egern der mor nej mor op trapperne
